code,category,Price,52w low,52w high,BVPS,P/E,EPS,EY,DPS,DY,ROE
5250,Consumer Products & Services,1.3,1.21,1.56,0.0893,30.0,4.38,3.37,2.3,1.77,49.05
7214,Industrial Products & Services,0.425,0.27,0.565,0.8,6.0,6.61,15.55,2.5,5.88,8.26
7086,Industrial Products & Services,0.08,0.04,0.095,0.17,-31.0,-0.26,-3.25,0.0,0.0,-1.53
5198,Industrial Products & Services,0.345,0.255,0.71,0.89,33.0,1.03,2.99,0.0,0.0,1.16
7131,Property,0.205,0.165,0.335,0.34,7.0,2.8,13.66,0.0,0.0,8.24
7120,Consumer Products & Services,0.385,0.22,0.415,0.52,-47.0,-0.82,-2.13,0.0,0.0,-1.58
1481,Consumer Products & Services,0.125,0.07,0.24,0.518,2.0,8.07,64.56,0.25,2.0,15.58
5281,Construction,0.37,0.21,0.455,0.48,14.0,2.68,7.24,0.6,1.62,5.58
9148,Industrial Products & Services,1.9,1.68,2.4,1.53,-272.0,-0.7,-0.37,6.0,3.16,-0.46
7191,Health Care,1.06,0.28,1.43,0.23,7.0,14.49,13.67,7.0,6.6,63.0
7146,Industrial Products & Services,0.1,0.04,0.13,0.2,-39.0,-0.26,-2.6,0.0,0.0,-1.3
6599,Consumer Products & Services,1.12,0.91,1.83,1.21,14.0,7.78,6.95,4.0,3.57,6.43
5139,Financial Services,9.03,7.7,17.0,6.14,8.0,115.15,12.75,36.25,4.01,18.75
5185,Financial Services,1.54,1.25,2.18,4.7,6.0,24.56,15.95,0.0,0.0,5.23
7145,Construction,0.17,0.05,0.2,0.51,8.0,2.08,12.24,0.0,0.0,4.08
7315,Consumer Products & Services,0.085,0.04,0.165,0.167,-3.0,-2.69,-31.65,0.0,0.0,-16.11
7078,Construction,0.21,0.115,0.465,0.7139,-4.0,-5.13,-24.43,0.0,0.0,-7.19
5099,Consumer Products & Services,0.74,0.5,2.15,1.33,-8.0,-9.63,-13.01,0.0,0.0,-7.24
5238,Consumer Products & Services,0.105,0.04,0.25,0.05,-1.0,-11.8,-112.38,0.0,0.0,-236.0
2658,Consumer Products & Services,14.0,9.96,17.88,7.91,15.0,91.83,6.56,47.0,3.36,11.61
7609,Industrial Products & Services,0.34,0.2,0.53,1.19,14.0,2.51,7.38,0.0,0.0,2.11
5116,Real Estate Investment Trusts,1.37,1.19,1.65,1.3024,13.0,10.35,7.55,7.75,5.66,7.95
5269,Real Estate Investment Trusts,0.71,0.595,0.94,1.076,11.0,6.23,8.77,5.35,7.54,5.79
5115,Energy,0.08,0.03,0.2,0.37,-1.0,-6.35,-79.38,0.0,0.0,-17.16
2674,Industrial Products & Services,0.44,0.18,0.6,0.91,-336.0,-0.13,-0.3,0.0,0.0,-0.14
2488,Financial Services,2.04,1.48,3.9,3.82,7.0,28.29,13.87,16.7,8.19,7.41
1163,Financial Services,13.86,11.4,16.87,20.77,5.0,278.41,20.09,65.0,4.69,13.4
2682,Industrial Products & Services,0.19,0.16,0.33,0.9812,-10.0,-1.9,-10.0,0.0,0.0,-1.94
4952,Real Estate Investment Trusts,0.71,0.58,0.83,1.2674,12.0,5.79,8.15,5.75,8.1,4.57
5127,Real Estate Investment Trusts,0.68,0.5,0.86,1.3378,11.0,6.19,9.1,6.2,9.12,4.63
1007,Property,0.345,0.26,0.58,1.45,12.0,2.92,8.46,3.0,8.7,2.01
5293,Construction,1.62,1.01,2.05,1.45,11.0,15.28,9.43,0.0,0.0,10.54
5120,Real Estate Investment Trusts,0.45,0.32,0.515,1.219,15.0,3.04,6.76,4.0,8.89,2.49
1015,Financial Services,2.95,2.82,4.55,6.08,6.0,51.52,17.46,20.0,6.78,8.47
7031,Telecommunications & Media,0.52,0.47,0.68,0.9262,6.0,9.23,17.75,0.0,0.0,9.97
6351,Consumer Products & Services,4.9,4.5,6.16,1.35,16.0,31.12,6.35,27.5,5.61,23.05
7083,Industrial Products & Services,1.04,0.815,1.16,2.48,24.0,4.34,4.17,2.0,1.92,1.75
4758,Industrial Products & Services,0.745,0.38,0.805,1.38,14.0,5.16,6.93,0.0,0.0,3.74
6556,Industrial Products & Services,0.69,0.415,1.65,2.23,-4.0,-16.05,-23.26,12.0,17.39,-7.2
9342,Industrial Products & Services,0.035,0.01,0.045,0.161,-10.0,-0.36,-10.29,0.0,0.0,-2.24
5568,Industrial Products & Services,0.4,0.355,0.6,1.39,-15.0,-2.63,-6.57,0.0,0.0,-1.89
5088,Financial Services,0.72,0.615,1.02,1.49,26.0,2.81,3.9,2.0,2.78,1.89
7090,Health Care,2.61,1.77,2.65,0.9,23.0,11.15,4.27,1.7,0.65,12.39
5015,Industrial Products & Services,1.66,1.5,3.0,6.51,12.0,13.51,8.14,12.0,7.23,2.08
6432,Consumer Products & Services,3.3,2.45,4.09,2.99,19.0,17.74,5.38,20.0,6.06,5.93
7181,Industrial Products & Services,0.355,0.095,0.51,0.38,3.0,11.68,32.9,0.0,0.0,30.74
7007,Property,0.16,0.115,0.33,0.27,-6.0,-2.85,-17.81,0.0,0.0,-10.56
7722,Consumer Products & Services,0.445,0.35,0.58,0.86,9.0,4.77,10.72,0.0,0.0,5.55
7129,Consumer Products & Services,1.82,1.3,2.51,3.152,9.0,21.35,11.73,14.0,7.69,6.77
0159,Telecommunications & Media,0.05,0.03,0.09,-1.69,-4.0,-1.32,-26.4,0.0,0.0,0.78
4057,Property,0.105,0.055,0.14,1.029,2.0,5.96,56.76,0.0,0.0,5.79
7162,Industrial Products & Services,0.555,0.37,0.76,1.44,6.0,9.1,16.4,1.0,1.8,6.32
7054,Plantation,0.11,0.05,0.235,0.2834,-8.0,-1.45,-13.18,0.0,0.0,-5.12
6399,Telecommunications & Media,0.955,0.705,1.61,0.1641,8.0,12.57,13.16,7.5,7.85,76.6
8176,Industrial Products & Services,1.06,0.665,1.85,0.55,13.0,8.05,7.59,3.29,3.1,14.64
7048,Consumer Products & Services,3.76,3.72,4.49,2.03,38.0,9.78,2.6,20.0,5.32,4.82
5130,Real Estate Investment Trusts,1.01,0.805,1.241,1.2786,59.0,1.71,1.69,5.18,5.13,1.34
7099,Industrial Products & Services,0.445,0.375,0.59,1.64,4.0,11.11,24.97,0.0,0.0,6.77
8885,Consumer Products & Services,0.06,0.02,0.18,0.2338,-2.0,-3.56,-59.33,0.0,0.0,-15.23
7579,Industrial Products & Services,0.47,0.195,0.755,0.688,10.0,4.69,9.98,1.5,3.19,6.82
6888,Telecommunications & Media,3.89,3.01,5.28,1.77,26.0,14.89,3.83,9.5,2.44,8.41
5106,Real Estate Investment Trusts,1.95,1.66,2.06,1.4484,13.0,14.51,7.44,9.26,4.75,10.02
2305,Property,5.16,3.8,6.21,6.99,32.0,15.98,3.1,5.0,0.97,2.29
5021,Industrial Products & Services,0.155,0.115,0.34,0.69,-8.0,-1.9,-12.26,1.0,6.45,-2.75
7005,Industrial Products & Services,0.275,0.17,0.43,0.56,-18.0,-1.49,-5.42,0.0,0.0,-2.66
7251,Energy,0.02,0.01,0.08,-22.1,0.0,-36.64,-1832.0,0.0,0.0,1.66
1899,Plantation,13.14,11.0,17.68,14.32,18.0,74.44,5.67,60.0,4.57,5.2
6602,Property,0.275,0.19,0.395,1.18,2.0,11.5,41.82,0.0,0.0,9.75
5190,Construction,0.105,0.045,0.205,0.66,-2.0,-5.51,-52.48,0.0,0.0,-8.35
3239,Property,0.285,0.245,0.315,0.85,-10.0,-2.99,-10.49,0.0,0.0,-3.52
3395,Industrial Products & Services,0.195,0.17,0.275,1.2031,-5.0,-3.87,-19.85,0.0,0.0,-3.22
5196,Consumer Products & Services,1.11,1.0,1.8,1.0423,25.0,4.42,3.98,4.0,3.6,4.24
4219,Consumer Products & Services,0.185,0.105,0.24,0.82,12.0,1.55,8.38,0.0,0.0,1.89
6025,Telecommunications & Media,0.105,0.075,0.27,-0.04,-2.0,-5.19,-49.43,0.0,0.0,129.75
1562,Consumer Products & Services,2.29,1.94,2.82,0.59,20.0,11.67,5.1,16.0,6.99,19.78
5248,Consumer Products & Services,1.26,0.935,2.78,0.4118,9.0,13.59,10.79,21.25,16.87,33.0
9814,Property,0.11,0.11,0.285,0.82,-1.0,-7.9,-71.82,0.0,0.0,-9.63
5258,Financial Services,3.15,2.79,4.72,3.34,7.0,43.9,13.94,16.0,5.08,13.14
6173,Property,0.28,0.19,0.43,1.53,17.0,1.67,5.96,0.0,0.0,1.09
5932,Construction,0.065,0.03,0.181,0.3757,83.0,0.08,1.23,0.0,0.0,0.21
6998,Industrial Products & Services,0.09,0.04,0.15,0.29,10.0,0.88,9.78,0.0,0.0,3.03
5032,Transportation & Logistics,4.3,3.27,5.06,2.8915,15.0,28.11,6.54,14.0,3.26,9.72
5069,Plantation,5.2,5.0,6.78,5.99,-66.0,-7.91,-1.52,0.0,0.0,-1.32
0168,Industrial Products & Services,0.535,0.3,0.79,0.41,10.0,5.33,9.96,2.0,3.74,13.0
9288,Consumer Products & Services,0.51,0.32,1.44,1.9295,5.0,9.79,19.2,2.0,3.92,5.07
7036,Industrial Products & Services,0.035,0.01,0.05,0.13,-35.0,-0.1,-2.86,0.0,0.0,-0.77
8133,Transportation & Logistics,0.63,0.56,1.36,0.47,-1.0,-46.94,-74.51,0.0,0.0,-99.87
2771,Industrial Products & Services,0.455,0.345,1.26,1.85,-1.0,-63.09,-138.66,0.0,0.0,-34.1
5254,Plantation,0.3,0.2,0.79,1.14,-5.0,-6.43,-21.43,7.0,23.33,-5.64
6297,Industrial Products & Services,1.28,0.815,1.28,1.97,-15.0,-8.75,-6.84,0.0,0.0,-4.44
5100,Industrial Products & Services,1.11,0.61,1.15,1.03,9.0,12.26,11.05,6.0,5.41,11.9
9474,Consumer Products & Services,0.14,0.07,0.39,-0.09,-2.0,-7.54,-53.86,0.0,0.0,83.78
8761,Construction,0.655,0.52,0.8,1.7,6.0,10.22,15.6,4.0,6.11,6.01
9938,Industrial Products & Services,0.195,0.095,0.56,0.57,27.0,0.71,3.64,0.0,0.0,1.25
4162,Consumer Products & Services,13.16,9.26,34.78,1.36,11.0,120.65,9.17,0.0,0.0,88.71
7221,Industrial Products & Services,0.19,0.08,0.39,1.12,-33.0,-0.58,-3.05,0.0,0.0,-0.52
7188,Industrial Products & Services,0.105,0.05,0.23,0.16,-2.0,-4.21,-40.1,0.0,0.0,-26.31
5210,Energy,0.195,0.11,0.555,0.55,20.0,1.0,5.13,0.0,0.0,1.82
1818,Financial Services,6.63,4.32,7.13,0.9,26.0,25.2,3.8,20.8,3.14,28.0
2828,Consumer Products & Services,1.25,0.82,1.55,1.35,7.0,19.07,15.26,8.0,6.4,14.13
7174,Consumer Products & Services,0.335,0.195,0.575,0.67,-65.0,-0.52,-1.55,0.25,0.75,-0.78
7154,Consumer Products & Services,0.485,0.185,0.575,0.52,-37.0,-1.3,-2.68,0.0,0.0,-2.5
2852,Industrial Products & Services,1.35,0.83,3.25,2.46,9.0,14.92,11.05,7.4,5.48,6.07
7128,Consumer Products & Services,0.2,0.17,0.305,0.58,386.0,0.05,0.25,0.0,0.0,0.09
5105,Industrial Products & Services,2.93,1.6,3.99,9.019,1.0,374.69,127.88,4.0,1.37,41.54
5180,Real Estate Investment Trusts,0.815,0.735,1.13,1.2378,23.0,3.53,4.33,6.25,7.67,2.85
5257,Energy,0.735,0.325,1.47,0.7425,5.0,13.68,18.61,3.0,4.08,18.42
2836,Consumer Products & Services,27.1,17.38,39.26,0.51,28.0,95.19,3.51,100.0,3.69,186.65
7076,Industrial Products & Services,0.885,0.68,1.25,1.44,13.0,6.6,7.46,4.0,4.52,4.58
7035,Consumer Products & Services,0.53,0.3,0.61,0.44,10.0,5.33,10.06,1.25,2.36,12.11
5195,Technology,0.11,0.035,0.15,0.2609,-274.0,-0.04,-0.36,0.0,0.0,-0.15
8052,Industrial Products & Services,0.37,0.3,0.595,0.53,-54.0,-0.68,-1.84,0.0,0.0,-1.28
8982,Plantation,0.41,0.285,0.74,1.11,297.0,0.14,0.34,1.5,3.66,0.13
7209,Consumer Products & Services,0.27,0.18,0.33,1.1,21.0,1.3,4.81,0.4,1.48,1.18
2879,Industrial Products & Services,1.43,0.59,2.14,1.93,16.0,9.0,6.29,7.0,4.9,4.66
5273,Industrial Products & Services,0.59,0.4,0.92,0.77,17.0,3.43,5.81,2.0,3.39,4.45
7187,Transportation & Logistics,0.36,0.235,0.41,0.4,39.0,0.92,2.56,0.0,0.0,2.3
1929,Plantation,5.77,4.8,7.15,7.47,17.0,33.55,5.81,20.0,3.47,4.49
5007,Industrial Products & Services,0.965,0.68,1.9,1.96,8.0,11.67,12.09,7.85,8.13,5.95
5229,Industrial Products & Services,0.01,0.01,0.01,-0.002,-12.0,-0.08,-8.0,0.0,0.0,40.0
5188,Consumer Products & Services,0.04,0.02,0.045,0.19,163.0,0.02,0.5,0.0,0.0,0.11
5797,Industrial Products & Services,0.835,0.7,1.58,3.83,-98.0,-0.85,-1.02,5.0,5.99,-0.22
7016,Industrial Products & Services,0.29,0.18,0.5,1.81,-10.0,-2.91,-10.03,1.1,3.79,-1.61
1023,Financial Services,3.46,3.09,5.45,5.6674,8.0,45.95,13.28,26.0,7.51,8.11
7117,Transportation & Logistics,0.32,0.205,0.47,0.81,-17.0,-1.91,-5.97,0.75,2.34,-2.36
7202,Consumer Products & Services,0.68,0.57,1.08,0.77,13.0,5.19,7.63,5.0,7.35,6.74
7018,Industrial Products & Services,0.03,0.02,0.04,0.0654,-1.0,-3.33,-111.0,0.0,0.0,-50.92
7986,Industrial Products & Services,0.36,0.32,0.5,0.89,-1500.0,-0.02,-0.06,0.0,0.0,-0.02
5104,Consumer Products & Services,0.06,0.03,0.095,0.1,-8.0,-0.76,-12.67,0.3,5.0,-7.6
5071,Energy,0.685,0.53,1.51,2.2505,38.0,1.8,2.63,0.0,0.0,0.8
7205,Consumer Products & Services,1.94,1.39,2.22,1.09,12.0,16.23,8.37,10.0,5.15,14.89
2127,Industrial Products & Services,2.31,0.605,2.75,0.53,41.0,5.69,2.46,1.5,0.65,10.74
7195,Industrial Products & Services,0.125,0.05,0.31,0.172,1.0,10.09,80.72,0.0,0.0,58.66
5136,Transportation & Logistics,0.53,0.39,0.97,1.1,8.0,6.54,12.34,0.0,0.0,5.95
5037,Industrial Products & Services,0.015,0.01,0.03,0.04,-5.0,-0.33,-22.0,0.0,0.0,-8.25
8044,Industrial Products & Services,1.07,1.07,1.2,1.1,-22.0,-4.92,-4.6,0.0,0.0,-4.47
8435,Industrial Products & Services,0.565,0.4,0.885,1.27,-4.0,-13.78,-24.39,0.0,0.0,-10.85
5738,Property,0.955,0.8,1.58,3.0,-8.0,-12.62,-13.21,0.0,0.0,-4.21
5049,Property,1.08,0.92,1.5,4.06,4.0,25.02,23.17,3.0,2.78,6.16
6718,Property,0.92,0.77,1.3,3.23,9.0,9.96,10.83,6.0,6.52,3.08
8591,Construction,0.765,0.555,1.14,3.02,7.0,10.89,14.24,4.5,5.88,3.61
5094,Industrial Products & Services,0.74,0.54,1.19,2.23,8.0,9.16,12.38,4.0,5.41,4.11
0051,Technology,0.12,0.045,0.235,0.1,-12.0,-1.04,-8.67,0.0,0.0,-10.4
9423,Consumer Products & Services,0.3,0.24,0.51,0.67,12.0,2.52,8.4,1.5,5.0,3.76
2925,Consumer Products & Services,1.4,1.15,2.14,2.38,-3.0,-44.21,-31.58,0.0,0.0,-18.58
7157,Industrial Products & Services,0.31,0.27,0.475,0.6378,163.0,0.19,0.61,0.5,1.61,0.3
5082,Industrial Products & Services,0.185,0.185,0.36,0.73,-3.0,-6.24,-33.73,0.0,0.0,-8.55
5184,Industrial Products & Services,0.885,0.605,1.61,1.66,4.0,19.86,22.44,0.0,0.0,11.96
7204,Technology,0.69,0.43,0.925,0.3178,22.0,3.1,4.49,1.0,1.45,9.75
7179,Consumer Products & Services,0.025,0.02,0.035,0.02,9.0,0.27,10.8,0.0,0.0,13.5
4456,Technology,0.185,0.07,0.31,0.27,11.0,1.71,9.24,0.5,2.7,6.33
8125,Industrial Products & Services,2.34,1.45,2.6,0.71,29.0,7.97,3.41,3.35,1.43,11.23
3484,Property,0.405,0.15,0.52,0.61,5.0,7.53,18.59,0.0,0.0,12.34
5276,Industrial Products & Services,0.41,0.23,0.61,0.42,9.0,4.69,11.44,1.75,4.27,11.17
8338,Technology,0.165,0.06,0.28,0.04,-6.0,-2.55,-15.45,0.0,0.0,-63.75
5216,Technology,1.24,0.43,1.69,0.2106,28.0,4.42,3.56,2.5,2.02,20.99
0091,Energy,0.005,0.005,0.015,-0.0844,0.0,-1.04,-208.0,0.0,0.0,12.32
5141,Energy,1.36,0.71,3.01,1.36,6.0,22.26,16.37,0.0,0.0,16.37
7119,Consumer Products & Services,1.04,0.76,1.13,1.94,32.0,3.29,3.16,0.0,0.0,1.7
5132,Energy,0.72,0.34,1.11,0.87,9.0,8.25,11.46,4.4,6.11,9.48
7212,Industrial Products & Services,0.155,0.055,0.285,0.2398,-1.0,-19.14,-123.48,0.0,0.0,-79.82
7277,Energy,3.44,2.7,3.57,0.722,32.0,10.89,3.17,3.8,1.1,15.08
6947,Telecommunications & Media,4.39,3.82,5.1,0.08,24.0,18.31,4.17,18.2,4.15,228.88
0029,Technology,0.055,0.015,0.07,0.09,-16.0,-0.33,-6.0,0.0,0.0,-3.67
7528,Construction,1.6,1.38,1.9,4.32,25.0,6.29,3.93,0.0,0.0,1.46
5908,Consumer Products & Services,2.56,1.68,2.99,3.9344,10.0,24.79,9.68,10.0,3.91,6.3
7114,Industrial Products & Services,0.27,0.185,0.66,0.47,142.0,0.19,0.7,0.0,0.0,0.4
5835,Industrial Products & Services,0.08,0.025,0.28,0.04,-1.0,-10.57,-132.12,0.0,0.0,-264.25
5265,Industrial Products & Services,0.07,0.025,0.18,9.8,-81.0,-0.09,-1.29,0.0,0.0,-0.01
7169,Industrial Products & Services,0.71,0.7,1.3,1.69,7.0,9.55,13.45,7.0,9.86,5.65
7198,Property,0.065,0.035,0.09,0.21,3.0,2.08,32.0,0.0,0.0,9.9
1619,Consumer Products & Services,1.46,0.98,3.0,3.62,6.0,25.18,17.25,3.0,2.05,6.96
7233,Industrial Products & Services,4.76,1.333,5.0,0.91,23.0,20.7,4.35,2.0,0.42,22.75
7148,Health Care,1.68,1.05,1.82,0.77,21.0,8.08,4.81,5.5,3.27,10.49
3948,Plantation,0.35,0.275,0.475,1.5,69.0,0.51,1.46,5.0,14.29,0.34
3026,Consumer Products & Services,46.16,34.0,64.5,2.26,29.0,160.87,3.49,100.0,2.17,71.18
7165,Industrial Products & Services,0.385,0.1,0.79,0.4743,-12.0,-3.31,-8.6,0.0,0.0,-6.98
5178,Industrial Products & Services,0.055,0.025,0.095,0.1019,-3.0,-1.8,-32.73,0.0,0.0,-17.66
5259,Transportation & Logistics,0.335,0.2,0.485,0.52,5.0,6.86,20.48,0.0,0.0,13.19
3417,Property,0.4,0.3,0.845,1.38,13.0,3.18,7.95,3.0,7.5,2.3
2097,Consumer Products & Services,0.07,0.035,0.115,0.58,-2.0,-4.0,-57.14,0.0,0.0,-6.9
2143,Financial Services,0.225,0.14,0.295,0.42,4.0,6.32,28.09,0.0,0.0,15.05
8206,Property,0.395,0.295,0.9,1.55,6.0,7.02,17.77,0.0,0.0,4.53
5283,Property,0.4,0.31,1.14,1.11,6.0,7.06,17.65,0.0,0.0,6.36
0059,Telecommunications & Media,0.16,0.075,0.235,0.3537,22.0,0.72,4.5,0.0,0.0,2.04
3557,Property,0.34,0.295,0.39,0.4355,12.0,2.88,8.47,0.0,0.0,6.61
5253,Construction,0.5,0.3,0.88,0.3,11.0,4.67,9.34,0.5,1.0,15.57
5036,Technology,0.34,0.115,0.605,0.4352,-3.0,-10.48,-30.82,0.0,0.0,-24.08
7471,Utilities,0.185,0.09,0.375,0.78,13.0,1.43,7.73,0.0,0.0,1.83
0064,Industrial Products & Services,0.135,0.05,0.205,0.17,-12.0,-1.15,-8.52,0.0,0.0,-6.76
8907,Industrial Products & Services,0.35,0.195,0.5,1.33,11.0,3.33,9.51,0.0,0.0,2.5
5208,Industrial Products & Services,1.16,1.02,1.6,1.38,6.0,19.43,16.75,6.0,5.17,14.08
7182,Consumer Products & Services,0.04,0.02,0.065,-0.11,-4.0,-0.9,-22.5,0.0,0.0,8.18
8877,Construction,0.495,0.285,0.95,0.96,9.0,5.46,11.03,1.0,2.02,5.69
9016,Industrial Products & Services,0.53,0.385,0.795,2.68,-27.0,-1.96,-3.7,0.0,0.0,-0.73
5228,Financial Services,1.35,1.09,1.77,1.41,11.0,12.4,9.19,7.0,5.19,8.79
0090,Technology,0.68,0.385,1.08,0.17,26.0,2.65,3.9,3.0,4.41,15.59
9091,Consumer Products & Services,0.16,0.08,0.25,0.43,7.0,2.35,14.69,0.0,0.0,5.47
6076,Property,0.19,0.185,0.4,1.18,-1.0,-15.14,-79.68,0.0,0.0,-12.83
7149,Consumer Products & Services,0.85,0.72,1.12,1.0,77.0,1.1,1.29,0.0,0.0,1.1
5056,Industrial Products & Services,0.63,0.46,0.865,1.58,-316.0,-0.2,-0.32,0.75,1.19,-0.13
8613,Property,0.99,0.9,1.52,0.9,-6.0,-16.35,-16.52,1.25,1.26,-18.17
7217,Industrial Products & Services,0.275,0.155,0.53,1.31,16.0,1.77,6.44,0.0,0.0,1.35
7773,Industrial Products & Services,0.28,0.21,0.37,1.66,-3.0,-9.2,-32.86,0.0,0.0,-5.54
5081,Consumer Products & Services,0.49,0.39,0.675,0.75,15.0,3.34,6.82,3.0,6.12,4.45
6815,Property,0.555,0.38,0.72,2.75,2.0,26.45,47.66,1.5,2.7,9.62
7208,Consumer Products & Services,0.72,0.08,0.98,0.2322,-15.0,-4.73,-6.57,0.0,0.0,-20.37
7094,Consumer Products & Services,0.45,0.32,0.5,0.9814,-13.0,-3.34,-7.42,0.0,0.0,-3.4
5101,Industrial Products & Services,0.17,0.09,0.34,1.38,-3.0,-4.97,-29.24,0.48,2.82,-3.6
5205,Construction,0.27,0.14,0.49,1.18,15.0,1.75,6.48,0.0,0.0,1.48
7249,Property,0.325,0.185,0.73,0.88,2.0,13.79,42.43,0.0,0.0,15.67
0065,Technology,0.515,0.23,0.745,0.16,49.0,1.06,2.06,1.0,1.94,6.63
2984,Industrial Products & Services,1.18,1.0,1.44,2.69,116.0,1.02,0.86,1.0,0.85,0.38
7047,Construction,0.29,0.14,0.45,0.8336,4.0,7.15,24.66,1.5,5.17,8.58
5029,Plantation,2.3,2.0,2.79,1.95,17.0,13.49,5.87,2.5,1.09,6.92
6041,Property,0.265,0.165,0.36,1.03,-7.0,-3.95,-14.91,0.0,0.0,-3.83
7229,Industrial Products & Services,2.22,1.71,3.02,3.19,6.0,36.32,16.36,13.5,6.08,11.39
2755,Consumer Products & Services,0.56,0.56,0.7,0.63,11.0,4.99,8.91,10.0,17.86,7.92
8605,Consumer Products & Services,0.375,0.1,0.5,0.9857,5.0,7.36,19.63,0.0,0.0,7.47
5222,Plantation,0.92,0.715,1.59,1.15,-14.0,-6.64,-7.22,0.0,0.0,-5.77
6939,Consumer Products & Services,0.48,0.35,0.54,1.01,9.0,5.11,10.65,2.0,4.17,5.06
0149,Industrial Products & Services,0.3,0.2,0.44,0.5,10.0,2.97,9.9,0.72,2.4,5.94
3107,Industrial Products & Services,1.4,1.01,1.96,2.32,17.0,8.44,6.03,12.5,8.93,3.64
9318,Industrial Products & Services,0.23,0.155,0.422,0.8246,24.0,0.96,4.17,0.0,0.0,1.16
5197,Industrial Products & Services,0.78,0.61,1.55,1.61,-12.0,-6.53,-8.37,0.0,0.0,-4.06
9172,Consumer Products & Services,1.31,1.08,1.8,1.25,8.0,16.88,12.89,11.0,8.4,13.5
5277,Industrial Products & Services,0.745,0.3,1.01,0.1692,26.0,2.86,3.84,1.2,1.61,16.9
3689,Consumer Products & Services,31.7,24.12,36.0,7.15,28.0,112.74,3.56,60.0,1.89,15.77
7210,Transportation & Logistics,0.49,0.38,0.69,1.04,11.0,4.58,9.35,3.5,7.14,4.4
0128,Technology,2.26,0.985,2.68,0.37,34.0,6.72,2.97,2.5,1.11,18.16
9377,Technology,0.1,0.03,0.1,0.04,-31.0,-0.32,-3.2,0.0,0.0,-8.0
7184,Consumer Products & Services,2.75,1.1,3.72,0.09,-75.0,-3.66,-1.33,0.0,0.0,-40.67
5226,Construction,0.865,0.595,1.54,1.04,11.0,7.79,9.01,4.9,5.66,7.49
9261,Construction,0.385,0.225,0.94,1.12,9.0,4.44,11.53,1.2,3.12,3.96
5398,Construction,3.27,2.36,4.3,3.34,12.0,28.24,8.64,12.0,3.67,8.46
5209,Utilities,2.81,2.3,2.96,0.7997,18.0,15.68,5.58,14.1,5.02,19.61
0078,Transportation & Logistics,0.33,0.115,0.36,0.09,72.0,0.46,1.39,0.25,0.76,5.11
0198,Construction,0.605,0.275,0.795,0.19,13.0,4.66,7.7,2.0,3.31,24.53
7197,Industrial Products & Services,0.47,0.28,0.65,1.24,-6.0,-7.9,-16.81,0.0,0.0,-6.37
3182,Consumer Products & Services,3.94,2.91,6.924,9.18,8.0,51.48,13.07,21.5,5.46,5.61
4715,Consumer Products & Services,2.26,1.83,3.862,3.27,10.0,23.5,10.4,19.0,8.41,7.19
2291,Plantation,9.17,7.99,11.14,5.43,58.0,15.83,1.73,13.0,1.42,2.92
3204,Construction,0.655,0.43,1.27,0.9256,9.0,7.38,11.27,7.0,10.69,7.97
5079,Consumer Products & Services,0.105,0.035,0.275,0.31,-3.0,-3.62,-34.48,0.0,0.0,-11.68
0021,Technology,2.05,1.04,2.1,0.6039,53.0,3.83,1.87,0.0,0.0,6.34
1147,Property,0.25,0.135,0.29,0.64,-2.0,-10.55,-42.2,0.0,0.0,-16.48
5220,Industrial Products & Services,0.355,0.18,0.515,0.88,-5.0,-7.13,-20.08,0.0,0.0,-8.1
7022,Technology,1.96,1.29,2.453,0.44,29.0,6.68,3.41,7.44,3.8,15.18
5020,Property,0.29,0.24,0.395,1.42,7.0,3.91,13.48,0.8,2.76,2.75
7382,Plantation,0.35,0.3,0.52,1.96,-3.0,-11.49,-32.83,0.0,0.0,-5.86
5649,Industrial Products & Services,0.17,0.1,0.305,0.47,-3.0,-6.3,-37.06,1.27,7.47,-13.4
7192,Industrial Products & Services,0.155,0.115,0.24,0.11,-1.0,-20.16,-130.06,0.0,0.0,-183.27
2135,Plantation,0.685,0.53,0.72,1.07,62.0,1.1,1.61,2.5,3.65,1.03
7096,Industrial Products & Services,0.085,0.07,0.145,0.11,1349.0,0.01,0.12,0.0,0.0,0.09
5592,Consumer Products & Services,0.39,0.3,0.5,1.08,-11.0,-3.4,-8.72,0.0,0.0,-3.15
7010,Property,0.5,0.345,0.635,1.08,-8.0,-6.57,-13.14,0.0,0.0,-6.08
0056,Technology,0.245,0.165,0.3,0.2,43.0,0.57,2.33,0.5,2.04,2.85
0082,Telecommunications & Media,1.21,0.31,1.27,0.29,-26.0,-4.67,-3.86,0.0,0.0,-16.1
0136,Consumer Products & Services,0.125,0.07,0.165,0.162,12.0,1.01,8.08,0.2,1.6,6.23
9962,Property,0.225,0.17,0.35,0.95,7.0,3.05,13.56,0.5,2.22,3.21
5102,Consumer Products & Services,2.42,1.5,4.197,0.9433,11.0,21.74,8.98,4.0,1.65,23.05
3247,Industrial Products & Services,0.335,0.16,0.52,1.83,19.0,1.81,5.4,0.0,0.0,0.99
7676,Transportation & Logistics,0.555,0.255,0.655,0.376,-11.0,-4.83,-8.7,0.0,0.0,-12.85
1503,Property,0.575,0.37,0.75,1.8738,-9.0,-6.21,-10.8,2.0,3.48,-3.31
7668,Consumer Products & Services,1.93,1.12,2.77,1.02,18.0,10.88,5.64,6.0,3.11,10.67
7253,Energy,0.255,0.135,0.51,0.48,-4.0,-6.79,-26.63,0.0,0.0,-14.15
3034,Industrial Products & Services,7.0,6.7,10.26,2.95,15.0,46.71,6.67,35.0,5.0,15.83
5138,Plantation,1.39,1.25,2.14,2.07,35.0,3.93,2.83,2.5,1.8,1.9
2062,Transportation & Logistics,0.475,0.42,0.72,1.03,8.0,5.93,12.48,1.0,2.11,5.76
7501,Plantation,0.395,0.29,0.7,1.46,-2.0,-16.2,-41.01,0.0,0.0,-11.1
5008,Consumer Products & Services,3.6,2.89,3.95,4.61,10.0,36.66,10.18,20.0,5.56,7.95
5168,Health Care,9.11,4.8,9.74,0.73,75.0,12.13,1.33,8.2,0.9,16.62
5187,Consumer Products & Services,0.075,0.03,0.155,0.43,4.0,1.87,24.93,0.0,0.0,4.35
7105,Property,1.2,1.18,1.3,0.49,74.0,1.63,1.36,0.0,0.0,3.33
3255,Consumer Products & Services,23.48,17.3,31.74,1.3,23.0,103.6,4.41,94.0,4.0,79.69
5028,Technology,1.05,0.45,1.44,1.03,15.0,7.02,6.69,0.0,0.0,6.82
5121,Real Estate Investment Trusts,0.695,0.55,1.14,1.3192,28.0,2.48,3.57,7.77,11.18,1.88
4324,Energy,3.93,2.2,6.09,6.7045,34.0,11.66,2.97,0.0,0.0,1.74
5095,Industrial Products & Services,0.39,0.23,0.7,0.77,16.0,2.48,6.36,4.0,10.26,3.22
5151,Industrial Products & Services,0.71,0.475,0.835,0.23,-98.0,-0.72,-1.01,4.38,6.17,-3.13
3298,Industrial Products & Services,1.29,0.59,1.49,1.08,32.0,4.06,3.15,5.0,3.88,3.76
5072,Industrial Products & Services,0.155,0.09,0.255,0.63,22.0,0.7,4.52,0.5,3.23,1.11
5199,Energy,0.58,0.245,1.14,0.81,6.0,9.28,16.0,0.0,0.0,11.46
8443,Industrial Products & Services,0.54,0.415,0.605,1.05,8.0,6.4,11.85,1.75,3.24,6.1
5169,Construction,0.52,0.24,0.695,1.05,4.0,12.71,24.44,0.0,0.0,12.1
9601,Industrial Products & Services,0.29,0.06,0.37,0.07,-21.0,-1.38,-4.76,0.0,0.0,-19.71
5165,Industrial Products & Services,0.42,0.34,0.75,0.6338,-6.0,-6.58,-15.67,0.0,0.0,-10.38
6238,Construction,1.13,0.96,1.41,1.4885,12.0,9.47,8.38,2.4,2.12,6.36
5160,Consumer Products & Services,0.56,0.355,0.75,0.55,7.0,8.36,14.93,3.0,5.36,15.2
5819,Financial Services,13.5,11.7,19.54,12.73,11.0,122.74,9.09,50.0,3.7,9.64
5274,Financial Services,9.38,9.6,9.6,3.27,35.0,27.0,2.88,22.0,2.35,8.26
1082,Financial Services,12.9,9.75,19.2,17.43,8.0,167.78,13.01,42.0,3.26,9.63
3301,Consumer Products & Services,8.35,6.04,11.6,5.48,9.0,95.07,11.39,50.0,5.99,17.35
5291,Industrial Products & Services,0.335,0.26,0.58,0.36,14.0,2.39,7.13,1.24,3.7,6.64
0185,Industrial Products & Services,0.52,0.25,1.19,0.43,236.0,0.22,0.42,0.0,0.0,0.51
5062,Property,0.26,0.145,0.465,1.61,-4.0,-6.52,-25.08,0.0,0.0,-4.05
7013,Transportation & Logistics,0.055,0.03,0.06,0.05,-238.0,-0.02,-0.36,0.0,0.0,-0.4
5000,Industrial Products & Services,1.19,0.655,1.86,0.83,-7.0,-16.77,-14.09,0.0,0.0,-20.2
5024,Consumer Products & Services,0.99,0.745,1.0,0.19,19.0,5.19,5.24,6.0,6.06,27.32
8478,Consumer Products & Services,0.285,0.15,0.35,0.3005,-10.0,-2.97,-10.42,0.0,0.0,-9.88
4251,Property,0.17,0.095,0.42,1.02,7.0,2.31,13.59,0.0,0.0,2.26
5084,Property,0.565,0.23,0.72,0.7255,8.0,6.89,12.19,1.0,1.77,9.5
5108,Closed-End Fund,2.02,1.85,2.47,3.18,75.0,2.69,1.33,0.0,0.0,0.85
5255,Energy,0.075,0.035,0.95,0.1299,11.0,0.67,8.93,0.0,0.0,5.16
9113,Consumer Products & Services,0.25,0.16,0.37,0.3,-11.0,-2.27,-9.08,0.0,0.0,-7.57
9687,Property,1.14,0.9,1.9,1.1922,9.0,12.51,10.97,2.0,1.75,10.49
5606,Property,2.41,2.35,4.06,5.3037,10.0,23.49,9.75,3.0,1.24,4.43
5227,Real Estate Investment Trusts,1.67,1.43,2.1,1.0667,20.0,8.48,5.08,9.16,5.49,7.95
5225,Health Care,5.49,4.55,5.95,2.55,87.0,6.28,1.14,4.0,0.73,2.46
3336,Construction,1.64,1.15,2.51,2.64,14.0,11.54,7.04,4.0,2.44,4.37
2216,Plantation,1.38,1.01,2.48,1.53,46.0,3.01,2.18,2.0,1.45,1.97
5268,Construction,0.05,0.01,0.29,0.08,0.0,-24.53,-490.6,0.0,0.0,-306.63
7222,Industrial Products & Services,2.09,1.9,2.33,1.62,180.0,1.16,0.56,3.5,1.67,0.72
7243,Consumer Products & Services,0.08,0.055,0.45,0.066,26.0,0.3,3.75,0.0,0.0,4.55
0166,Technology,1.39,0.9,2.09,0.359,28.0,4.99,3.59,5.2,3.74,13.9
2607,Plantation,0.52,0.45,0.63,1.68,-30.0,-1.72,-3.31,1.06,2.04,-1.02
9393,Technology,0.07,0.03,0.13,0.11,-4.0,-1.69,-24.14,0.0,0.0,-15.36
5295,UNKNOWN,0.4,0.242,0.716,0.1382,9.0,4.48,11.2,1.0,2.5,32.42
6262,Plantation,0.6,0.4,0.995,0.66,21.0,2.85,4.75,1.0,1.67,4.32
3379,Financial Services,0.63,0.35,0.92,2.68,5.0,13.78,21.87,2.0,3.17,5.14
0192,Construction,0.21,0.15,0.31,0.256,5.0,4.19,19.95,1.0,4.76,16.37
5614,Transportation & Logistics,0.29,0.22,0.48,0.953,4.0,7.83,27.0,0.0,0.0,8.22
1961,Plantation,3.99,3.41,4.82,1.48,38.0,10.42,2.61,8.0,2.01,7.04
5249,Property,1.07,0.825,1.43,3.43,9.0,12.18,11.38,3.0,2.8,3.55
5673,Industrial Products & Services,0.25,0.185,0.49,0.72,0.0,-81.34,-325.36,0.0,0.0,-112.97
5107,Consumer Products & Services,0.48,0.21,1.16,1.44,-3.0,-16.34,-34.04,0.0,0.0,-11.35
7183,Industrial Products & Services,0.08,0.04,0.13,0.27,1.0,6.66,83.25,0.0,0.0,24.67
8834,Construction,0.42,0.27,0.59,0.57,-3.0,-14.96,-35.62,0.0,0.0,-26.25
1589,Property,0.495,0.275,1.19,0.96,-87.0,-0.57,-1.15,0.0,0.0,-0.59
5175,Property,0.135,0.115,0.22,0.83,17.0,0.8,5.93,0.0,0.0,0.96
7043,Industrial Products & Services,0.8,0.8,1.25,0.72,-27.0,-2.98,-3.72,0.0,0.0,-4.14
7223,Consumer Products & Services,0.045,0.025,0.075,0.13,-4.0,-1.03,-22.89,0.0,0.0,-7.92
4723,Construction,1.08,0.62,1.57,1.52,6.0,16.68,15.44,0.0,0.0,10.97
8648,Industrial Products & Services,0.08,0.065,0.115,0.15,-3.0,-2.3,-28.75,0.0,0.0,-15.33
4383,Plantation,0.505,0.27,1.12,1.25,-2.0,-21.36,-42.3,0.0,0.0,-17.09
7152,Consumer Products & Services,0.785,0.68,1.22,1.2,6.0,13.82,17.61,10.0,12.74,11.52
0058,Industrial Products & Services,1.19,1.15,1.56,2.4,17.0,7.17,6.03,4.0,3.36,2.99
5161,Technology,0.295,0.13,0.365,0.4281,-12.0,-2.4,-8.14,0.5,1.69,-5.61
8931,Consumer Products & Services,0.285,0.13,0.42,1.89,17.0,1.66,5.82,1.0,3.51,0.88
8923,Property,0.335,0.29,0.4,0.33,13.0,2.59,7.73,0.0,0.0,7.85
6769,Property,0.075,0.045,0.09,0.21,10.0,0.75,10.0,0.1,1.33,3.57
3441,Financial Services,0.075,0.03,0.1,0.1053,-3.0,-2.85,-38.0,0.0,0.0,-27.07
7167,Consumer Products & Services,1.42,0.98,1.9,1.1,9.0,15.65,11.02,6.4,4.51,14.23
5172,Consumer Products & Services,0.08,0.035,0.12,0.0568,-6.0,-1.44,-18.0,0.0,0.0,-25.35
5192,Industrial Products & Services,0.3,0.2,0.59,0.81,-14.0,-2.12,-7.07,0.5,1.67,-2.62
8672,Consumer Products & Services,0.18,0.12,0.38,1.12,191.0,0.09,0.5,0.0,0.0,0.08
5247,Consumer Products & Services,0.555,0.26,0.645,0.48,-614.0,-0.09,-0.16,0.5,0.9,-0.19
0054,Industrial Products & Services,0.165,0.085,0.2,0.22,11.0,1.47,8.91,0.45,2.73,6.68
7216,Consumer Products & Services,1.34,0.815,1.7,0.9,41.0,3.27,2.44,2.5,1.87,3.63
3476,Industrial Products & Services,3.6,3.3,4.9,6.25,15.0,24.47,6.8,10.0,2.78,3.92
7199,Industrial Products & Services,0.36,0.27,0.55,1.04,11.0,3.26,9.06,1.0,2.78,3.13
0151,Industrial Products & Services,1.13,0.59,1.43,0.4988,15.0,7.7,6.81,1.8,1.59,15.44
7323,Property,0.415,0.34,0.66,1.78,35.0,1.17,2.82,1.5,3.61,0.66
6483,Financial Services,0.54,0.355,0.585,1.29,15.0,3.65,6.76,3.25,6.02,2.83
7161,Construction,0.975,0.785,1.49,0.87,9.0,11.28,11.57,3.5,3.59,12.97
7077,Property,0.48,0.4,1.1,0.105,20.0,2.44,5.08,0.0,0.0,23.24
9334,Technology,7.93,5.0,12.0,8.4023,36.0,22.21,2.8,9.0,1.13,2.64
0143,Technology,0.125,0.02,0.135,0.0286,-18.0,-0.69,-5.52,0.0,0.0,-24.13
6203,Consumer Products & Services,0.315,0.165,0.56,0.66,0.0,-66.87,-212.29,1.0,3.17,-101.32
7062,Consumer Products & Services,1.55,1.25,1.75,3.3,33.0,4.65,3.0,0.0,0.0,1.41
6211,Industrial Products & Services,0.17,0.11,0.28,0.918,-4.0,-3.98,-23.41,0.0,0.0,-4.34
5371,Industrial Products & Services,0.76,0.7,1.25,2.89,-3.0,-21.8,-28.68,0.0,0.0,-7.54
5027,Plantation,1.1,0.895,1.64,0.77,25.0,4.36,3.96,6.0,5.45,5.66
5171,Construction,0.67,0.51,1.46,2.1202,4.0,17.19,25.66,3.7,5.52,8.11
5060,Industrial Products & Services,0.005,0.005,0.005,-0.72,0.0,-15.94,-3188.0,0.0,0.0,22.14
5280,Real Estate Investment Trusts,0.815,0.6,0.915,1.0341,9.0,9.58,11.75,6.03,7.4,9.26
9466,Industrial Products & Services,1.72,1.25,2.37,1.31,9.0,18.74,10.9,4.0,2.33,14.31
5235SS,Real Estate Investment Trusts,7.79,7.38,8.48,7.3,18.0,44.51,5.71,38.0,4.88,6.1
2453,Plantation,3.18,2.62,3.65,10.2472,-755.0,-0.42,-0.13,6.0,1.89,-0.04
7164,Energy,0.18,0.085,0.475,0.67,10.0,1.81,10.06,0.0,0.0,2.7
5035,Industrial Products & Services,0.555,0.49,0.85,2.2728,3.0,16.78,30.23,0.0,0.0,7.38
6971,Industrial Products & Services,1.78,1.23,2.04,1.85,9.0,20.32,11.42,3.0,1.69,10.98
7017,Industrial Products & Services,0.22,0.15,0.385,0.27,-4.0,-5.08,-23.09,0.0,0.0,-18.81
4847,Consumer Products & Services,0.04,0.025,0.12,0.04,0.0,-8.5,-212.5,0.0,0.0,-212.5
7153,Health Care,7.68,3.71,8.0,1.11,44.0,17.58,2.29,6.0,0.78,15.84
0002,Health Care,2.16,1.6,2.33,1.25,12.0,17.71,8.2,7.4,3.43,14.17
5878,Health Care,0.88,0.72,1.04,0.43,18.0,4.76,5.41,2.0,2.27,11.07
9121,Industrial Products & Services,0.395,0.265,0.54,1.83,9.0,4.39,11.11,0.0,0.0,2.4
1996,Plantation,0.36,0.29,0.475,0.26,-1272.0,-0.03,-0.08,0.0,0.0,-0.12
5038,Property,0.615,0.405,0.915,3.01,3.0,23.83,38.75,0.0,0.0,7.92
2445,Plantation,20.16,17.4,25.4,9.59,41.0,49.38,2.45,50.0,2.48,5.15
6874,Industrial Products & Services,0.295,0.15,0.4,0.6,9.0,3.11,10.54,0.0,0.0,5.18
2186,Financial Services,1.27,0.88,2.15,3.6628,26.0,4.86,3.83,1.4,1.1,1.33
6491,Industrial Products & Services,1.41,0.985,1.8,2.86,12.0,11.55,8.19,9.0,6.38,4.04
7033,Industrial Products & Services,1.0,0.895,1.28,2.604,12.0,8.13,8.13,3.5,3.5,3.12
9083,Industrial Products & Services,0.13,0.05,0.18,0.3785,-5.0,-2.89,-22.23,0.0,0.0,-7.64
5843,Industrial Products & Services,0.59,0.265,1.13,1.78,11.0,5.26,8.92,0.0,0.0,2.96
7130,Consumer Products & Services,1.88,0.46,3.11,0.36,36.0,5.27,2.8,0.0,0.0,14.64
6572,Plantation,0.54,0.46,0.9,3.5807,-2.0,-23.06,-42.7,0.0,0.0,-6.44
8362,Industrial Products & Services,0.22,0.16,0.43,0.57,-4.0,-5.79,-26.32,0.0,0.0,-10.16
3174,Property,0.095,0.05,0.165,0.3618,9.0,1.07,11.26,1.0,10.53,2.96
1643,Consumer Products & Services,0.26,0.2,0.63,3.38,-1.0,-18.95,-72.88,0.0,0.0,-5.61
7006,Consumer Products & Services,1.99,1.7,3.92,5.95,63.0,3.13,1.57,6.0,3.02,0.53
9385,Consumer Products & Services,0.355,0.16,0.53,0.52,12.0,2.89,8.14,0.5,1.41,5.56
9326,Industrial Products & Services,0.405,0.26,0.615,1.22,6.0,6.28,15.51,1.5,3.7,5.15
8494,Property,0.445,0.345,0.875,1.39,7.0,6.12,13.75,5.0,11.24,4.4
5789,Property,0.36,0.31,0.585,0.89,8.0,4.51,12.53,1.8,5.0,5.07
9881,Industrial Products & Services,0.235,0.185,0.36,1.19,3.0,7.29,31.02,0.0,0.0,6.13
9628,Construction,0.87,0.72,1.11,0.9383,-68.0,-1.28,-1.47,0.0,0.0,-1.36
8079,Consumer Products & Services,0.47,0.325,0.925,0.35,10.0,4.84,10.3,2.5,5.32,13.83
5232,Industrial Products & Services,0.31,0.2,0.49,1.13,17.0,1.81,5.84,3.0,9.68,1.6
6633,Consumer Products & Services,0.59,0.43,1.1,0.4496,14.0,4.13,7.0,1.6,2.71,9.19
8745,Industrial Products & Services,0.12,0.06,0.26,0.2,-2.0,-7.44,-62.0,0.0,0.0,-37.2
7170,Industrial Products & Services,0.15,0.09,0.3,0.17,288.0,0.05,0.33,0.0,0.0,0.29
3573,Property,0.205,0.175,0.3,1.41,-27.0,-0.77,-3.76,0.0,0.0,-0.55
7089,Consumer Products & Services,2.31,1.57,3.29,2.08,5.0,43.54,18.85,14.5,6.28,20.93
6645,Transportation & Logistics,4.16,3.3,5.0,2.07,8.0,50.16,12.06,25.0,6.01,24.23
4235,Industrial Products & Services,0.235,0.12,0.6,2.12,0.0,-48.67,-207.11,0.0,0.0,-22.96
8486,Industrial Products & Services,0.31,0.185,0.475,2.42,7.0,4.63,14.94,0.0,0.0,1.91
7126,Consumer Products & Services,0.02,0.01,0.395,-0.25,0.0,-155.44,-7772.0,0.0,0.0,621.76
5284,Industrial Products & Services,1.82,0.975,3.2,5.34,20.0,9.27,5.09,7.0,3.85,1.74
8303,Consumer Products & Services,0.2,0.08,0.21,0.07,85.0,0.23,1.15,0.0,0.0,3.29
8621,Financial Services,13.02,9.9,16.28,4.3049,16.0,81.11,6.23,70.0,5.38,18.84
7085,Consumer Products & Services,1.08,0.975,1.36,1.98,8.0,13.87,12.84,2.0,1.85,7.01
5068,Industrial Products & Services,0.075,0.05,0.105,0.09,17.0,0.44,5.87,0.0,0.0,4.89
5143,Industrial Products & Services,0.68,0.33,0.865,0.34,16.0,4.2,6.18,2.25,3.31,12.35
9199,Industrial Products & Services,2.09,1.95,2.7,3.71,9.0,22.07,10.56,7.0,3.35,5.95
1198,Financial Services,0.7,0.53,1.03,1.79,-6.0,-11.42,-16.31,6.0,8.57,-6.38
7617,Property,0.84,0.7,1.25,1.46,-9.0,-9.77,-11.63,0.0,0.0,-6.69
7087,Consumer Products & Services,1.87,1.24,2.74,1.37,7.0,26.46,14.15,8.62,4.61,19.31
3859,Consumer Products & Services,2.19,1.7,2.9,1.74,13.0,16.6,7.58,16.0,7.31,9.54
8583,Property,0.43,0.305,0.95,1.44,5.0,8.25,19.19,4.5,10.47,5.73
8141,Property,0.36,0.18,0.415,0.67,-14.0,-2.48,-6.89,0.0,0.0,-3.7
5264,Utilities,0.815,0.645,0.93,1.12,13.0,6.4,7.85,6.55,8.04,5.71
1155,Financial Services,7.4,7.0,9.1,7.2563,10.0,72.93,9.86,64.0,8.65,10.05
3794,Industrial Products & Services,2.57,1.3,4.57,2.8,-13.0,-19.79,-7.7,0.0,0.0,-7.07
3662,Consumer Products & Services,0.58,0.335,0.78,1.04,89.0,0.65,1.12,3.0,5.17,0.63
3891,Consumer Products & Services,0.155,0.05,0.255,0.1199,-4.0,-4.38,-28.26,0.0,0.0,-36.53
5014,Transportation & Logistics,4.85,3.92,8.88,5.6204,15.0,32.37,6.67,15.0,3.09,5.76
1171,Financial Services,0.655,0.46,0.985,1.3144,6.0,10.68,16.31,5.0,7.63,8.13
5186,Energy,0.475,0.255,0.97,1.4923,597.0,0.08,0.17,0.0,0.0,0.05
6548,Property,0.08,0.055,0.165,0.23,0.0,-21.96,-274.5,0.0,0.0,-95.48
5916,Industrial Products & Services,0.7,0.44,0.98,0.93,8.0,8.37,11.96,2.0,2.86,9.0
5098,Industrial Products & Services,0.325,0.17,0.535,1.71,-18.0,-1.83,-5.63,0.0,0.0,-1.07
5077,Transportation & Logistics,0.335,0.18,0.785,0.3548,-46.0,-0.73,-2.18,0.0,0.0,-2.06
3867,Technology,10.9,7.39,12.96,6.97,18.0,61.33,5.63,27.0,2.48,8.8
1651,Property,0.475,0.28,1.01,1.086,88.0,0.54,1.14,1.0,2.11,0.5
4936,Plantation,0.8,0.42,0.86,2.22,1396.0,0.06,0.08,0.0,0.0,0.03
6181,Property,0.375,0.235,0.605,1.75,7.0,5.55,14.8,1.5,4.0,3.17
1058,Financial Services,1.8,1.65,2.85,4.14,14.0,12.91,7.17,7.0,3.89,3.12
3514,Consumer Products & Services,0.105,0.08,0.125,0.19,7.0,1.47,14.0,0.3,2.86,7.74
5078,Transportation & Logistics,0.06,0.04,0.11,0.0854,-1.0,-7.48,-124.67,0.0,0.0,-87.59
7029,Industrial Products & Services,1.64,0.605,3.2,1.94,6.0,28.73,17.52,2.0,1.22,14.81
5236,Property,1.7,1.24,1.997,1.91,6.0,29.31,17.24,12.75,7.5,15.35
6012,Telecommunications & Media,5.34,4.59,5.81,0.9,28.0,18.77,3.51,20.0,3.75,20.86
7189,Property,0.9,0.89,1.75,1.76,3.0,34.69,38.54,10.0,11.11,19.71
5983,Consumer Products & Services,2.84,2.5,4.47,4.46,5.0,56.41,19.86,12.0,4.23,12.65
7004,Industrial Products & Services,0.4,0.285,0.72,1.7985,-2.0,-18.95,-47.37,0.0,0.0,-10.54
5182,Property,0.21,0.07,0.41,0.6257,7.0,2.92,13.9,0.0,0.0,4.67
5090,Telecommunications & Media,0.185,0.12,0.255,0.4175,-8.0,-2.44,-13.19,1.13,6.11,-5.84
4502,Telecommunications & Media,0.15,0.11,0.52,0.5392,-1.0,-16.03,-106.87,0.0,0.0,-29.73
3069,Utilities,5.32,3.1,5.6,3.78,16.0,32.46,6.1,4.0,0.75,8.59
5129,Construction,0.38,0.295,0.49,1.78,18.0,2.09,5.5,1.0,2.63,1.17
3778,Industrial Products & Services,0.205,0.09,0.385,0.9,2.0,9.46,46.15,0.0,0.0,10.51
1694,Property,0.24,0.2,0.385,0.6676,15.0,1.56,6.5,0.0,0.0,2.34
5223,Industrial Products & Services,0.4,0.24,0.605,2.6,9.0,4.35,10.87,0.0,0.0,1.67
8192,Construction,0.61,0.42,0.83,1.8264,-117.0,-0.52,-0.85,0.0,0.0,-0.28
5040,Property,0.07,0.04,0.265,0.23,-3.0,-2.51,-35.86,0.0,0.0,-10.91
7234,Consumer Products & Services,0.265,0.155,0.53,1.04,5.0,4.94,18.64,0.0,0.0,4.75
5011,Technology,0.86,0.55,1.5,1.8891,-65.0,-1.32,-1.53,0.0,0.0,-0.7
6149,Industrial Products & Services,1.4,1.08,1.8,3.4695,30.0,4.6,3.29,6.0,4.29,1.33
0043,Industrial Products & Services,0.035,0.015,0.085,0.09,-3.0,-1.07,-30.57,0.0,0.0,-11.89
7595,Construction,0.5,0.33,0.75,0.91,19.0,2.68,5.36,0.0,0.0,2.95
5026,Plantation,0.415,0.27,0.77,1.26,33.0,1.28,3.08,0.0,0.0,1.02
5286,Technology,2.3,0.967,3.11,0.51,29.0,7.89,3.43,4.0,1.74,15.47
5001,Industrial Products & Services,0.235,0.18,0.36,0.65,75.0,0.31,1.32,0.0,0.0,0.48
7935,Consumer Products & Services,0.9,0.76,0.9,0.71,-13.0,-7.05,-7.83,0.0,0.0,-9.93
5166,Consumer Products & Services,0.05,0.015,0.12,0.16,-2.0,-2.98,-59.6,0.0,0.0,-18.63
7219,Industrial Products & Services,0.24,0.05,0.29,0.08,-24.0,-1.02,-4.25,0.0,0.0,-12.75
5576,Industrial Products & Services,0.265,0.155,0.4,1.09,35.0,0.75,2.83,1.15,4.34,0.69
5886,Consumer Products & Services,1.31,0.76,1.36,1.77,-106.0,-1.24,-0.95,1.5,1.15,-0.7
3816,Transportation & Logistics,8.0,6.474,9.373,7.71,-148.0,-5.4,-0.68,33.0,4.13,-0.7
9571,Construction,0.215,0.15,0.385,0.86,-4.0,-5.34,-24.84,1.5,6.98,-6.21
8893,Property,0.13,0.05,0.19,1.0,31.0,0.41,3.15,1.0,7.69,0.41
6114,Property,1.03,0.81,1.86,2.84,7.0,14.15,13.74,4.0,3.88,4.98
2194,Transportation & Logistics,0.705,0.45,1.25,3.04,8.0,8.38,11.89,4.5,6.38,2.76
0113,Technology,0.635,0.325,0.935,0.31,17.0,3.72,5.86,2.0,3.15,12.0
6459,Financial Services,0.67,0.465,1.19,3.02,3.0,19.82,29.58,2.5,3.73,6.56
5237,Financial Services,0.775,0.49,1.19,1.9,16.0,4.74,6.12,0.0,0.0,2.49
5123,Real Estate Investment Trusts,0.745,0.5,1.1,1.2011,27.0,2.72,3.65,6.8,9.13,2.26
0041,Technology,0.11,0.04,0.25,0.2202,-5.0,-2.29,-20.82,0.0,0.0,-10.4
5202,Consumer Products & Services,0.665,0.23,1.78,2.36,-2.0,-42.64,-64.12,0.0,0.0,-18.07
5924,Construction,0.17,0.065,0.25,0.36,-4.0,-4.6,-27.06,0.0,0.0,-12.78
5152,Industrial Products & Services,1.14,0.92,1.49,1.38,6.0,18.1,15.88,3.0,2.63,13.12
3883,Industrial Products & Services,1.27,0.835,1.82,3.47,10.0,12.9,10.16,4.5,3.54,3.72
5085,Construction,0.305,0.145,0.555,0.25,-2.0,-14.01,-45.93,0.0,0.0,-56.04
5703,Construction,0.92,0.72,2.9,2.31,12.0,7.79,8.47,7.5,8.15,3.37
3913,Property,0.185,0.145,0.255,0.3728,9.0,2.02,10.92,0.0,0.0,5.42
3905,Consumer Products & Services,1.45,1.1,2.35,8.98,-2.0,-66.29,-45.72,0.0,0.0,-7.38
9539,Property,0.31,0.24,0.54,1.16,-27.0,-1.15,-3.71,0.0,0.0,-0.99
0138,Technology,1.3,0.765,1.7,0.1981,19.0,6.82,5.25,1.9,1.46,34.43
5087,Industrial Products & Services,0.31,0.14,0.505,1.2,-8.0,-3.8,-12.26,0.0,0.0,-3.17
5275,Consumer Products & Services,0.85,0.575,1.49,0.45,25.0,3.36,3.95,1.0,1.18,7.47
5073,Property,0.625,0.335,1.41,2.62,6.0,10.96,17.54,0.0,0.0,4.18
9806,Transportation & Logistics,0.1,0.04,0.28,0.43,0.0,-31.25,-312.5,0.0,0.0,-72.67
2038,Plantation,2.52,2.11,3.65,7.77,-69.0,-3.66,-1.45,8.0,3.17,-0.47
4707,Consumer Products & Services,139.8,120.0,149.9,3.66,53.0,266.1,1.9,280.0,2.0,72.7
7060,Consumer Products & Services,1.98,1.85,2.86,5.61,11.0,17.99,9.09,3.0,1.52,3.21
7241,Industrial Products & Services,0.28,0.14,0.485,0.23,-4.0,-6.23,-22.25,0.0,0.0,-27.09
7215,Consumer Products & Services,0.15,0.055,0.225,0.27,-8.0,-1.91,-12.73,0.0,0.0,-7.07
7139,Consumer Products & Services,0.045,0.02,0.075,0.05,-15.0,-0.3,-6.67,0.0,0.0,-6.0
0083,Technology,0.81,0.273,0.92,1.2655,17.0,4.74,5.85,1.0,1.23,3.75
5047,Plantation,1.9,1.68,2.0,4.37,-19.0,-9.99,-5.26,0.0,0.0,-2.29
5066,Consumer Products & Services,0.545,0.295,0.615,0.4,-233.0,-0.23,-0.42,1.6,2.94,-0.58
5025,Industrial Products & Services,0.13,0.065,0.23,0.0766,-8.0,-1.57,-12.08,0.0,0.0,-20.5
4944,Industrial Products & Services,0.77,0.33,0.91,1.84,-34.0,-2.26,-2.94,2.0,2.6,-1.23
5533,Consumer Products & Services,0.365,0.3,0.56,1.81,-1.0,-25.75,-70.55,0.0,0.0,-14.23
0049,Consumer Products & Services,0.68,0.29,0.855,0.4015,23.0,2.9,4.26,1.0,1.47,7.22
0172,Telecommunications & Media,0.5,0.345,0.665,0.54,17.0,2.93,5.86,0.0,0.0,5.43
7071,Construction,0.25,0.185,0.35,0.26,10.0,2.63,10.52,0.0,0.0,10.12
7140,Industrial Products & Services,0.57,0.38,0.825,0.73,11.0,5.1,8.95,3.7,6.49,6.99
3018,Consumer Products & Services,0.09,0.05,0.125,0.41,-4.0,-2.22,-24.67,0.0,0.0,-5.41
9008,Technology,0.595,0.32,0.715,0.3485,12.0,4.94,8.3,0.0,0.0,14.18
5260,Consumer Products & Services,0.31,0.155,0.74,0.91,-7.0,-4.19,-13.52,0.0,0.0,-4.6
7107,Consumer Products & Services,0.71,0.45,0.82,0.81,14.0,4.98,7.01,2.2,3.1,6.15
4006,Consumer Products & Services,5.45,4.5,6.67,10.7469,10.0,56.57,10.38,40.0,7.34,5.26
5827,Property,1.65,1.58,2.2,2.9,6.0,28.56,17.31,8.0,4.85,9.85
5065,Industrial Products & Services,1.05,0.7,1.42,2.36,6.0,17.55,16.71,3.0,2.86,7.44
5053,Property,0.815,0.64,1.05,2.41,4.0,19.66,24.12,5.0,6.13,8.16
7225,Industrial Products & Services,0.055,0.035,0.075,0.0652,25.0,0.22,4.0,0.0,0.0,3.37
7095,Industrial Products & Services,1.33,0.72,1.65,1.17,14.0,9.59,7.21,5.0,3.76,8.2
6009,Financial Services,0.815,0.78,1.0,1.06,-42.0,-1.94,-2.38,6.25,7.67,-1.83
7052,Consumer Products & Services,2.64,1.78,3.974,1.19,11.0,25.0,9.47,11.5,4.36,21.01
4081,Consumer Products & Services,0.13,0.075,0.155,0.4029,-9.0,-1.38,-10.62,0.5,3.85,-3.43
1287,Consumer Products & Services,0.16,0.045,0.16,0.0373,-462.0,-0.03,-0.19,0.0,0.0,-0.8
3719,Consumer Products & Services,31.3,22.82,41.2,13.09,17.0,179.68,5.74,226.0,7.22,13.73
8419,Industrial Products & Services,0.76,0.43,0.76,0.39,31.0,2.47,3.25,1.0,1.32,6.33
5125,Industrial Products & Services,0.38,0.25,0.585,0.81,7.0,5.34,14.05,1.5,3.95,6.59
5022,Consumer Products & Services,0.295,0.23,0.46,0.52,-52.0,-0.57,-1.93,1.6,5.42,-1.1
3611,Industrial Products & Services,0.75,0.68,1.08,1.3,66.0,1.14,1.52,0.0,0.0,0.88
9407,Consumer Products & Services,0.275,0.18,0.35,0.66,6.0,4.8,17.45,0.0,0.0,7.27
1724,Property,0.725,0.63,1.302,1.88,4.0,16.93,23.35,8.5,11.72,9.01
5657,Consumer Products & Services,0.105,0.065,0.27,1.74,-1.0,-16.25,-154.76,0.0,0.0,-9.34
6912,Property,0.22,0.15,0.42,0.82,-5.0,-4.09,-18.59,0.0,0.0,-4.99
5212,Real Estate Investment Trusts,1.63,1.35,1.92,1.2677,19.0,8.63,5.29,8.5,5.21,6.81
5041,Utilities,0.885,0.725,1.19,2.05,12.0,7.59,8.58,3.5,3.95,3.7
6068,Consumer Products & Services,0.295,0.16,0.635,0.6907,5.0,6.41,21.73,1.0,3.39,9.28
6254,Transportation & Logistics,0.04,0.01,0.04,0.0641,-3.0,-1.47,-36.75,0.0,0.0,-22.93
5271,Industrial Products & Services,0.81,0.675,1.3,0.913,9.0,8.6,10.62,6.0,7.41,9.42
4464,Property,0.01,0.005,0.016,0.0193,-7.0,-0.14,-14.0,0.0,0.0,-7.25
7190,Telecommunications & Media,0.3,0.23,0.35,1.0329,-34.0,-0.89,-2.97,1.0,3.33,-0.86
5231,Consumer Products & Services,0.355,0.185,0.59,0.73,28.0,1.27,3.58,0.0,0.0,1.74
9997,Consumer Products & Services,0.27,0.19,0.42,0.92,7.0,3.84,14.22,0.0,0.0,4.17
7160,Technology,4.43,2.37,5.58,0.9547,26.0,16.9,3.81,0.0,0.0,17.7
8346,Transportation & Logistics,0.175,0.09,0.47,0.03,0.0,-76.61,-437.77,0.0,0.0,-2553.67
0186,Consumer Products & Services,0.185,0.125,0.27,0.2324,7.0,2.79,15.08,0.95,5.14,12.01
7108,Energy,0.185,0.1,0.555,0.4,-18.0,-1.03,-5.57,0.0,0.0,-2.58
7080,Consumer Products & Services,0.65,0.48,1.07,0.7,-27.0,-2.41,-3.71,0.0,0.0,-3.44
8311,Construction,0.215,0.13,0.255,0.2635,14.0,1.59,7.4,1.0,4.65,6.03
5219,Industrial Products & Services,0.94,0.6,1.53,0.7684,9.0,10.89,11.59,0.0,0.0,14.17
5133,Energy,0.85,0.385,1.86,1.13,7.0,12.46,14.66,6.0,7.06,11.03
3042,Energy,4.64,2.49,6.77,6.6147,7.0,65.6,14.14,12.0,2.59,9.92
5183,Industrial Products & Services,5.56,4.0,8.88,3.74,16.0,35.19,6.33,18.0,3.24,9.41
5681,Consumer Products & Services,19.68,17.5,26.409,6.02,24.0,83.5,4.24,85.0,4.32,13.87
6033,Utilities,15.28,13.36,18.388,6.6939,16.0,97.8,6.4,82.0,5.37,14.61
7081,Health Care,1.9,0.91,2.88,1.29,-3.0,-57.12,-30.06,16.0,8.42,-44.28
5622,Construction,0.83,0.65,0.89,1.04,-59.0,-1.41,-1.7,0.0,0.0,-1.36
1902,Plantation,0.315,0.14,0.545,1.4,1.0,52.49,166.63,0.0,0.0,37.49
9598,Construction,2.7,1.8,3.43,1.98,9.0,30.55,11.31,20.0,7.41,15.43
7163,Industrial Products & Services,0.145,0.105,0.31,0.27,20.0,0.71,4.9,0.0,0.0,2.63
7055,Property,1.1,0.98,1.6,1.38,14.0,7.6,6.91,0.0,0.0,5.51
5075,Property,1.02,0.735,1.46,4.08,12.0,8.2,8.04,4.5,4.41,2.01
9695,Plantation,0.555,0.35,0.99,0.551,-22.0,-2.5,-4.5,0.0,0.0,-4.54
7172,Industrial Products & Services,2.9,2.4,3.371,2.61,22.0,13.18,4.54,2.49,0.86,5.05
6637,Industrial Products & Services,0.85,0.36,0.875,0.44,-12.0,-6.93,-8.15,0.0,0.0,-15.75
7088,Consumer Products & Services,1.0,0.69,1.589,1.5986,5.0,19.22,19.22,0.0,0.0,12.02
5080,Consumer Products & Services,0.485,0.3,0.72,1.38,6.0,8.45,17.42,1.2,2.47,6.12
8117,Industrial Products & Services,0.295,0.2,0.445,1.0541,23.0,1.31,4.44,0.0,0.0,1.24
4634,Transportation & Logistics,1.05,0.52,2.0,1.85,-2.0,-45.57,-43.4,4.0,3.81,-24.63
7237,Consumer Products & Services,2.28,1.294,2.431,0.66,21.0,10.63,4.66,8.0,3.51,16.11
4065,Consumer Products & Services,16.54,15.0,19.96,15.07,20.0,81.02,4.9,31.0,1.87,5.38
8869,Industrial Products & Services,3.67,2.74,5.24,0.88,31.0,11.66,3.18,5.0,1.36,13.25
9873,Industrial Products & Services,0.345,0.21,0.59,1.46,13.0,2.7,7.83,1.5,4.35,1.85
5204,Technology,0.3,0.1,0.545,0.2085,-5.0,-5.98,-19.93,0.0,0.0,-28.68
7168,Consumer Products & Services,0.185,0.055,1.3,0.3961,-2.0,-11.13,-60.16,0.0,0.0,-28.1
7123,Industrial Products & Services,0.015,0.005,0.075,0.07,-1.0,-3.0,-200.0,0.0,0.0,-42.86
7201,Industrial Products & Services,0.105,0.06,0.14,0.12,36.0,0.29,2.76,0.55,5.24,2.42
8966,Consumer Products & Services,0.665,0.305,1.1,1.31,20.0,3.38,5.08,0.3,0.45,2.58
5070,Construction,0.215,0.11,0.435,0.6824,18.0,1.21,5.63,1.2,5.58,1.77
5436,Industrial Products & Services,4.15,2.82,4.98,3.96,13.0,33.04,7.96,30.0,7.23,8.34
1295,Financial Services,15.34,12.58,23.9,11.2295,11.0,141.97,9.25,73.0,4.76,12.64
8273,Industrial Products & Services,0.74,0.325,1.4,1.31,6.0,12.53,16.93,0.25,0.34,9.56
6807,Construction,0.2,0.09,0.4,2.92,-2.0,-12.73,-63.65,0.0,0.0,-4.36
7134,Consumer Products & Services,0.54,0.35,0.87,1.78,14.0,3.77,6.98,2.0,3.7,2.12
7084,Consumer Products & Services,8.3,6.5,8.65,1.27,56.0,14.77,1.78,4.5,0.54,11.63
7544,Industrial Products & Services,0.8,0.72,1.43,1.72,-21.0,-3.89,-4.86,0.0,0.0,-2.26
7498,Industrial Products & Services,0.28,0.18,0.32,0.88,-5.0,-5.5,-19.64,0.0,0.0,-6.25
5272,Utilities,0.995,0.82,1.44,0.55,13.0,7.6,7.64,5.0,5.03,13.82
7765,Property,5.68,5.43,6.17,1.37,122.0,4.65,0.82,0.0,0.0,3.39
9296,Financial Services,1.76,1.22,1.84,1.84,6.0,28.41,16.14,9.0,5.11,15.44
5256,Energy,0.075,0.025,0.26,0.63,-1.0,-12.91,-172.13,0.0,0.0,-20.49
5270,SPAC,0.505,0.505,0.505,0.017,-32.0,-1.58,-3.13,0.0,0.0,-92.94
7232,Industrial Products & Services,0.28,0.17,0.35,1.0307,7.0,4.13,14.75,2.5,8.93,4.01
9946,Consumer Products & Services,0.265,0.22,0.42,0.42,-6.0,-4.79,-18.08,0.0,0.0,-11.4
0037,Consumer Products & Services,0.135,0.1,0.225,0.17,5.0,2.57,19.04,0.3,2.22,15.12
9954,Industrial Products & Services,0.17,0.085,0.2,0.1114,18.0,0.94,5.53,0.3,1.76,8.44
1066,Financial Services,4.7,4.23,5.98,6.43,8.0,61.91,13.17,31.0,6.6,9.63
5278,Consumer Products & Services,0.635,0.59,0.845,0.59,14.0,4.42,6.96,1.0,1.57,7.49
5113,Plantation,0.255,0.115,0.465,0.27,-7.0,-3.68,-14.43,0.0,0.0,-13.63
2542,Plantation,2.7,2.25,3.07,4.1,58.0,4.66,1.73,3.0,1.11,1.14
9741,Industrial Products & Services,0.41,0.17,0.79,0.69,11.0,3.66,8.93,0.5,1.22,5.3
7803,Industrial Products & Services,2.0,0.42,2.52,0.81,44.0,4.5,2.25,2.0,1.0,5.56
8567,Utilities,0.175,0.1,0.28,0.52,-17.0,-1.02,-5.83,0.0,0.0,-1.96
0183,Consumer Products & Services,0.56,0.255,1.03,0.3877,-35.0,-1.6,-2.86,2.4,4.29,-4.13
9822,Industrial Products & Services,5.35,4.2,8.64,4.21,8.0,64.62,12.08,29.05,5.43,15.35
5147,Industrial Products & Services,0.71,0.35,0.84,0.57,8.0,8.75,12.32,0.0,0.0,15.35
7943,Consumer Products & Services,0.2,0.185,0.4,0.36,-9.0,-2.11,-10.55,0.0,0.0,-5.86
5218,Energy,0.09,0.06,0.325,0.57,0.0,-28.54,-317.11,0.5,5.56,-50.07
7811,Industrial Products & Services,0.48,0.2,0.815,1.46,15.0,3.29,6.85,5.0,10.42,2.25
4596,Property,0.41,0.345,0.72,3.05,-2.0,-17.03,-41.54,0.0,0.0,-5.58
5170,Industrial Products & Services,0.235,0.1,0.41,0.5,-1.0,-27.07,-115.19,0.0,0.0,-54.14
9237,Industrial Products & Services,2.02,0.655,3.49,0.6,57.0,3.52,1.74,0.0,0.0,5.87
5126,Plantation,2.48,1.9,4.22,3.86,16.0,15.73,6.34,5.0,2.02,4.08
5135,Plantation,1.45,1.3,2.11,1.98,19.0,7.47,5.15,5.0,3.45,3.77
5252,Telecommunications & Media,0.13,0.085,0.21,0.38,19.0,0.7,5.38,0.0,0.0,1.84
5157,Consumer Products & Services,0.185,0.08,0.4,0.36,-3.0,-5.74,-31.03,0.0,0.0,-15.94
5207,Property,0.36,0.18,0.5,1.62,5.0,7.28,20.22,1.0,2.78,4.49
7239,Industrial Products & Services,0.17,0.065,0.36,0.42,12.0,1.47,8.65,0.0,0.0,3.5
7247,Industrial Products & Services,1.63,0.76,1.82,0.853,96.0,1.69,1.04,1.5,0.92,1.98
0099,Industrial Products & Services,0.945,0.48,1.3,0.29,16.0,6.04,6.39,5.5,5.82,20.83
4731,Industrial Products & Services,8.35,5.96,9.87,4.57,11.0,74.58,8.93,20.0,2.4,16.32
7045,Energy,0.065,0.035,0.65,0.17,0.0,-22.71,-349.38,0.0,0.0,-133.59
7158,Energy,0.03,0.01,0.12,-0.02,0.0,-27.46,-915.33,0.0,0.0,1373.0
7073,Industrial Products & Services,0.24,0.12,0.565,1.12,-1.0,-30.08,-125.33,0.0,0.0,-26.86
4286,Property,0.235,0.12,0.36,1.22,7.0,3.27,13.91,0.0,0.0,2.68
5145,Transportation & Logistics,0.28,0.125,0.74,0.66,-4.0,-7.49,-26.75,0.0,0.0,-11.35
7053,Transportation & Logistics,0.84,0.795,1.0,0.983,-20.0,-4.22,-5.02,1.8,2.14,-4.29
9792,Consumer Products & Services,0.615,0.595,0.645,0.0755,17.0,3.71,6.03,2.5,4.07,49.14
2224,Property,0.46,0.325,0.695,2.0089,9.0,5.29,11.5,21.5,46.74,2.63
9431,Telecommunications & Media,0.59,0.45,0.59,1.3,-42.0,-1.41,-2.39,0.0,0.0,-1.08
5213,Property,0.135,0.09,0.33,0.87,-1.0,-9.71,-71.93,0.0,0.0,-11.16
5279,Energy,1.59,1.02,2.954,0.79,11.0,14.65,9.21,5.75,3.62,18.54
5163,Industrial Products & Services,0.51,0.32,0.75,0.25,-9.0,-5.6,-10.98,0.0,0.0,-22.4
7180,Consumer Products & Services,0.9,0.44,0.98,0.42,13.0,7.03,7.81,0.0,0.0,16.74
5517,Consumer Products & Services,4.42,4.2,5.9,2.3999,31.0,14.39,3.26,15.0,3.39,6.0
7412,Consumer Products & Services,0.44,0.275,0.55,1.39,-7.0,-5.88,-13.36,0.0,0.0,-4.23
5173,Transportation & Logistics,0.195,0.115,0.31,0.88,-2.0,-10.06,-51.59,0.0,0.0,-11.43
6017,Property,2.0,1.75,2.81,3.29,11.0,18.48,9.24,16.0,8.0,5.62
5181,Industrial Products & Services,0.455,0.36,0.46,0.55,1.0,42.62,93.67,55.7,122.42,77.49
7246,Consumer Products & Services,0.36,0.155,0.54,0.76,81.0,0.44,1.22,1.0,2.78,0.58
4197,Consumer Products & Services,1.95,1.56,2.38,2.14,14.0,13.73,7.04,10.0,5.13,6.42
5285,Plantation,4.61,3.82,5.63,1.93,361.0,1.28,0.28,1.0,0.22,0.66
5288,Property,0.65,0.475,1.12,1.43,7.0,8.8,13.54,6.0,9.23,6.15
4316,Plantation,0.28,0.205,0.42,0.44,12.0,2.32,8.29,0.0,0.0,5.27
9776,Consumer Products & Services,0.13,0.06,0.195,0.4474,-31.0,-0.42,-3.23,0.0,0.0,-0.94
2739,Energy,0.085,0.035,0.2,0.16,-1.0,-16.42,-193.18,0.0,0.0,-102.63
8532,Consumer Products & Services,0.42,0.08,0.55,0.28,-2.0,-17.77,-42.31,0.0,0.0,-63.46
7115,Industrial Products & Services,0.4,0.38,0.64,2.11,6.0,6.23,15.58,0.0,0.0,2.95
7155,Industrial Products & Services,1.11,0.66,1.59,0.49,16.0,7.12,6.41,3.84,3.46,14.53
7248,Industrial Products & Services,0.845,0.69,1.42,0.594,13.0,6.32,7.48,5.5,6.51,10.64
7132,Industrial Products & Services,0.365,0.25,0.49,1.37,18.0,2.03,5.56,0.0,0.0,1.48
5242,Consumer Products & Services,0.285,0.245,0.375,0.38,56.0,0.51,1.79,0.0,0.0,1.34
4375,Property,0.15,0.07,0.3,0.81,-4.0,-3.66,-24.4,0.0,0.0,-4.52
5134,Industrial Products & Services,3.29,2.7,3.98,4.49,19.0,17.39,5.29,5.0,1.52,3.87
5665,Industrial Products & Services,0.47,0.33,1.22,1.07,-1.0,-76.63,-163.04,0.0,0.0,-71.62
8664,Property,0.76,0.55,2.25,2.99,9.0,8.57,11.28,1.0,1.32,2.87
7103,Consumer Products & Services,2.03,1.7,2.4,1.9778,14.0,14.88,7.33,3.5,1.72,7.52
6084,Telecommunications & Media,0.38,0.225,0.68,1.11,49.0,0.77,2.03,2.0,5.26,0.69
5006,Construction,0.75,0.65,1.35,0.67,-13.0,-5.8,-7.73,0.0,0.0,-8.66
6904,Industrial Products & Services,0.525,0.38,0.905,3.02,-5.0,-11.41,-21.73,0.0,0.0,-3.78
7207,Industrial Products & Services,0.64,0.4,1.1,1.36,10.0,6.63,10.36,5.7,8.91,4.88
1201,Energy,0.005,0.005,0.045,0.12,-5.0,-0.1,-20.0,0.0,0.0,-0.83
2569,Plantation,2.51,2.35,3.15,8.6827,46.0,5.5,2.19,2.0,0.8,0.63
3743,Property,0.46,0.37,0.8,1.12,3.0,13.98,30.39,0.0,0.0,12.48
5211,Industrial Products & Services,1.56,1.25,1.87,1.7,10.0,15.54,9.96,7.47,4.79,9.14
5263,Construction,1.85,1.25,2.2,0.48,18.0,10.0,5.41,7.0,3.78,20.83
5176,Real Estate Investment Trusts,1.58,1.5,1.98,1.4904,12.0,13.68,8.66,9.59,6.07,9.18
7235,Industrial Products & Services,0.67,0.4,1.08,0.8071,12.0,5.61,8.37,3.05,4.55,6.95
7106,Health Care,3.97,1.29,4.03,0.86,52.0,7.69,1.94,0.0,0.0,8.94
6521,Transportation & Logistics,0.975,0.82,1.45,3.2196,6.0,15.1,15.49,5.0,5.13,4.69
7186,Consumer Products & Services,0.42,0.25,0.775,0.4984,-10.0,-4.28,-10.19,0.0,0.0,-8.59
6139,Financial Services,4.54,2.93,7.18,1.48,10.0,44.13,9.72,20.0,4.41,29.82
9717,Construction,0.2,0.175,0.26,0.6682,15.0,1.32,6.6,0.0,0.0,1.98
7082,Consumer Products & Services,0.175,0.135,0.225,0.39,-2.0,-7.13,-40.74,1.25,7.14,-18.28
1538,Property,0.385,0.25,0.465,1.65,2.0,17.92,46.55,1.0,2.6,10.86
7228,Energy,0.375,0.21,0.53,0.4,28.0,1.34,3.57,0.5,1.33,3.35
5012,Plantation,2.15,1.81,3.56,3.21,18.0,12.18,5.67,10.0,4.65,3.79
4898,Financial Services,0.5,0.335,0.69,1.48,6.0,8.56,17.12,1.0,2.0,5.78
5158,Property,0.205,0.18,0.275,0.59,9.0,2.17,10.59,1.6,7.8,3.68
7097,Industrial Products & Services,0.1,0.03,0.251,0.34,37.0,0.27,2.7,0.0,0.0,0.79
4022,Property,0.21,0.12,0.33,0.5056,7.0,3.19,15.19,0.0,0.0,6.31
7211,Consumer Products & Services,0.19,0.18,0.365,0.53,-4.0,-4.76,-25.05,0.0,0.0,-8.98
2259,Property,0.025,0.01,0.045,0.0892,4.0,0.59,23.6,0.0,0.0,6.61
8524,Utilities,0.855,0.635,0.98,0.5038,21.0,4.0,4.68,5.25,6.14,7.94
5191,Property,0.515,0.36,0.8,1.48,5.0,11.22,21.79,4.9,9.51,7.58
4405,Consumer Products & Services,1.05,0.98,1.62,4.63,16.0,6.49,6.18,4.0,3.81,1.4
2429,Property,0.05,0.02,0.08,0.1772,-3.0,-1.55,-31.0,0.0,0.0,-8.75
5149,Transportation & Logistics,0.255,0.14,0.46,0.9223,36.0,0.71,2.78,0.0,0.0,0.77
5140,Transportation & Logistics,0.97,0.65,1.4,2.18,17.0,5.7,5.88,4.5,4.64,2.61
4448,Industrial Products & Services,5.78,4.1,6.0,4.2217,-67.0,-8.67,-1.5,0.0,0.0,-2.05
2054,Plantation,0.22,0.11,0.445,0.44,-5.0,-4.73,-21.5,0.0,0.0,-10.75
5289,Industrial Products & Services,0.605,0.48,0.96,0.57,16.0,3.85,6.36,0.0,0.0,6.75
7439,Consumer Products & Services,0.93,0.77,1.5,1.3027,12.0,7.87,8.46,0.0,0.0,6.04
7200,Consumer Products & Services,0.25,0.115,0.34,0.54,-6.0,-4.51,-18.04,0.0,0.0,-8.35
4863,Telecommunications & Media,4.28,2.64,4.68,1.9527,25.0,16.8,3.93,10.0,2.34,8.6
5347,Utilities,12.2,10.365,13.704,10.1957,15.0,79.64,6.53,100.0,8.2,7.81
9369,Consumer Products & Services,1.03,0.9,1.444,2.17,6.0,15.96,15.5,8.5,8.25,7.35
7252,Consumer Products & Services,1.12,0.65,1.42,1.04,6.0,19.61,17.51,6.0,5.36,18.86
8702,Industrial Products & Services,0.335,0.195,0.67,1.9506,-6.0,-5.55,-16.57,0.0,0.0,-2.85
7206,Energy,0.075,0.04,0.145,0.06,7.0,1.1,14.67,0.0,0.0,18.33
5112,Plantation,0.305,0.185,0.685,0.64,-1.0,-25.63,-84.03,0.0,0.0,-40.05
9075,Technology,0.4,0.16,0.58,0.65,238.0,0.17,0.42,0.0,0.0,0.26
7034,Industrial Products & Services,3.48,1.95,4.32,3.13,10.0,33.22,9.55,8.0,2.3,10.61
0012,Consumer Products & Services,0.76,0.53,0.92,0.7077,13.0,5.98,7.87,2.0,2.63,8.45
7889,Property,0.215,0.14,0.48,0.37,7.0,3.1,14.42,0.0,0.0,8.38
7374,Industrial Products & Services,1.0,0.76,1.46,2.08,-13.0,-7.51,-7.51,5.5,5.5,-3.61
7079,Property,0.1,0.03,0.135,0.23,-16.0,-0.64,-6.4,0.0,0.0,-2.78
7854,Industrial Products & Services,0.475,0.23,0.68,0.5892,9.0,5.38,11.33,2.0,4.21,9.13
5031,Telecommunications & Media,10.18,8.3,10.22,4.73,20.0,52.1,5.12,29.03,2.85,11.01
8397,Transportation & Logistics,0.4,0.26,0.6,1.53,-35.0,-1.15,-2.87,0.0,0.0,-0.75
5239,Property,0.27,0.24,0.35,0.92,20.0,1.32,4.89,0.15,0.56,1.43
0101,Health Care,0.55,0.365,0.75,0.45,32.0,1.7,3.09,0.2,0.36,3.78
7230,Consumer Products & Services,0.465,0.24,0.6,1.55,7.0,6.31,13.57,1.0,2.15,4.07
7285,Industrial Products & Services,0.4,0.3,0.555,0.43,-14.0,-2.81,-7.02,0.0,0.0,-6.53
5010,Industrial Products & Services,1.83,1.23,3.45,3.06,15.0,12.55,6.86,20.0,10.93,4.1
7113,Health Care,10.38,4.21,10.7,1.55,70.0,14.89,1.43,7.5,0.72,9.61
5111,Real Estate Investment Trusts,0.715,0.49,0.925,1.8958,20.0,3.49,4.88,5.93,8.29,1.84
7173,Industrial Products & Services,0.62,0.55,0.88,1.17,10.0,6.44,10.39,3.0,4.84,5.5
7176,Consumer Products & Services,0.29,0.19,0.45,0.37,33.0,0.89,3.07,0.0,0.0,2.41
7218,Transportation & Logistics,0.5,0.43,0.59,0.89,-4.0,-13.3,-26.6,0.0,0.0,-14.94
5054,Construction,0.3,0.2,0.705,0.89,7.0,4.13,13.77,1.9,6.33,4.64
0118,Technology,0.005,0.005,0.02,0.03,-3.0,-0.2,-40.0,0.0,0.0,-6.67
5401,Property,0.8,0.72,0.94,3.21,4.0,22.84,28.55,0.0,0.0,7.12
9059,Plantation,0.71,0.56,1.59,1.0426,22.0,3.19,4.49,1.0,1.41,3.06
5042,Construction,0.23,0.18,0.49,0.9,-2.0,-14.51,-63.09,0.0,0.0,-16.12
5230,Financial Services,0.34,0.2,0.765,0.74,5.0,6.74,19.82,3.0,8.82,9.11
5167,Industrial Products & Services,0.57,0.53,0.75,1.0,20.0,2.81,4.93,2.0,3.51,2.81
4359,Technology,0.075,0.06,0.165,0.54,-24.0,-0.31,-4.13,0.0,0.0,-0.57
7100,Industrial Products & Services,2.51,1.7,2.95,0.36,15.0,16.83,6.71,14.0,5.58,46.75
1368,Industrial Products & Services,2.55,1.88,3.52,1.89,12.0,21.86,8.57,14.0,5.49,11.57
5148,Property,0.415,0.275,0.89,1.61,8.0,4.93,11.88,0.0,0.0,3.06
7137,Industrial Products & Services,1.74,1.43,2.057,4.02,15.0,11.55,6.64,0.0,0.0,2.87
7227,Industrial Products & Services,0.79,0.7,0.98,1.27,16.0,5.04,6.38,3.0,3.8,3.97
4588,Consumer Products & Services,2.07,1.65,5.559,3.1607,5.0,41.21,19.91,6.0,2.9,13.04
7091,Industrial Products & Services,1.05,0.91,1.45,1.785,8.0,13.83,13.17,3.8,3.62,7.75
5005,Technology,2.0,1.53,2.93,1.888,-80.0,-2.51,-1.25,6.0,3.0,-1.33
2593,Plantation,4.3,4.0,5.45,6.61,14.0,30.27,7.04,8.0,1.86,4.58
2089,Plantation,25.56,22.243,26.111,12.68,19.0,136.57,5.34,135.0,5.28,10.77
7133,Industrial Products & Services,0.38,0.23,0.66,1.3126,-54.0,-0.7,-1.84,0.0,0.0,-0.53
5200,Property,1.75,1.38,2.42,2.58,9.0,20.31,11.61,14.0,8.0,7.87
5110,Real Estate Investment Trusts,1.22,1.05,1.4,1.6708,26.0,4.69,3.84,9.11,7.47,2.81
7757,Consumer Products & Services,1.9,1.74,2.3,3.33,14.0,13.91,7.32,8.0,4.21,4.18
5292,Technology,2.34,0.733,3.39,0.52,30.0,7.89,3.37,0.0,0.0,15.17
7250,Energy,0.63,0.31,1.14,1.57,7.0,9.52,15.11,0.0,0.0,6.06
6963,Industrial Products & Services,0.9,0.6,1.52,0.91,10.0,8.64,9.6,4.4,4.89,9.49
5243,Energy,0.14,0.09,0.41,0.3411,35.0,0.4,2.86,0.0,0.0,1.17
4995,Industrial Products & Services,0.235,0.18,0.4,0.3,-6.0,-4.16,-17.7,0.0,0.0,-13.87
7240,Consumer Products & Services,0.315,0.1,0.97,0.62,-5.0,-6.66,-21.14,0.0,0.0,-10.74
0097,Technology,8.14,6.09,9.57,1.0242,48.0,16.91,2.08,5.75,0.71,16.51
7070,Construction,0.36,0.215,1.04,1.0189,7.0,4.91,13.64,0.0,0.0,4.82
5162,Technology,1.24,0.7,1.67,1.71,8.0,16.44,13.26,5.5,4.44,9.61
5142,Energy,0.655,0.46,1.453,1.27,21.0,3.11,4.75,0.0,0.0,2.45
7203,Consumer Products & Services,0.965,0.68,1.12,1.23,13.0,7.25,7.51,0.0,0.0,5.89
5016,Consumer Products & Services,1.3,1.3,2.25,4.97,-13.0,-10.18,-7.83,3.0,2.31,-2.05
7226,Industrial Products & Services,0.42,0.365,0.79,0.68,18.0,2.28,5.43,0.0,0.0,3.35
3565,Construction,0.26,0.145,0.63,0.9695,-16.0,-1.67,-6.42,0.0,0.0,-1.72
9679,Construction,0.47,0.245,1.22,2.22,-24.0,-1.95,-4.15,0.0,0.0,-0.88
0197,Consumer Products & Services,0.175,0.1,0.37,0.16,11.0,1.59,9.09,0.5,2.86,9.94
7231,Industrial Products & Services,0.865,0.55,1.29,0.238,12.0,7.31,8.45,5.65,6.53,30.71
5246,Transportation & Logistics,3.49,2.97,4.54,0.733,20.0,17.71,5.07,13.0,3.72,24.16
5009,Industrial Products & Services,0.675,0.645,1.2,2.82,-3.0,-26.63,-39.45,0.0,0.0,-9.44
7692,Industrial Products & Services,0.55,0.43,0.7,0.85,20.0,2.82,5.13,0.0,0.0,3.32
0008,Technology,0.5,0.3,0.645,0.34,17.0,3.0,6.0,1.5,3.0,8.82
6378,Property,0.09,0.035,0.15,0.43,-2.0,-3.89,-43.22,0.0,0.0,-9.05
7050,Industrial Products & Services,0.4,0.28,0.65,0.62,8.0,5.21,13.02,2.5,6.25,8.4
7025,Industrial Products & Services,0.55,0.4,0.75,1.04,-6.0,-8.82,-16.04,1.5,2.73,-8.48
4243,Industrial Products & Services,0.345,0.2,0.64,2.06,-1.0,-23.07,-66.87,1.5,4.35,-11.2
7245,Industrial Products & Services,0.21,0.05,0.305,0.27,-1.0,-18.11,-86.24,0.0,0.0,-67.07
7121,Consumer Products & Services,0.315,0.2,0.73,0.61,-32.0,-0.99,-3.14,0.0,0.0,-1.62
5156,Consumer Products & Services,0.06,0.055,0.175,0.8,4.0,1.61,26.83,0.0,0.0,2.01
5267,Transportation & Logistics,0.375,0.245,0.795,0.87,23.0,1.62,4.32,0.5,1.33,1.86
7003,Property,0.72,0.65,0.995,1.34,39.0,1.84,2.56,0.0,0.0,1.37
7178,Health Care,2.07,1.45,2.595,2.35,13.0,16.47,7.96,8.5,4.11,7.01
5584,Consumer Products & Services,2.06,1.7,2.35,3.3778,17.0,12.35,6.0,4.0,1.94,3.66
5048,Industrial Products & Services,0.695,0.395,0.845,1.35,-17.0,-3.99,-5.74,0.0,0.0,-2.96
7293,Energy,5.25,4.24,7.42,1.49,27.0,19.15,3.65,6.0,1.14,12.85
7020,Industrial Products & Services,0.095,0.06,0.17,0.1,-4.0,-2.3,-24.21,0.0,0.0,-23.0
7014,Industrial Products & Services,0.17,0.15,0.3,1.2,-2.0,-8.77,-51.59,0.0,0.0,-7.31
3158,Property,2.71,1.75,2.8,2.2,34.0,7.97,2.94,0.0,0.0,3.62
7066,Property,0.075,0.035,0.36,0.61,-1.0,-7.75,-103.33,0.0,0.0,-12.7
5159,Consumer Products & Services,0.61,0.43,1.19,1.44,6.0,9.93,16.28,5.0,8.2,6.9
4677,Utilities,0.735,0.6,1.17,1.24,67.0,1.1,1.5,4.0,5.44,0.89
5109,Real Estate Investment Trusts,0.96,0.7,1.39,1.5837,14.0,6.82,7.1,7.87,8.2,4.31
6742,Utilities,0.665,0.48,0.85,1.59,14.0,4.89,7.35,5.0,7.52,3.08
7028,Construction,0.39,0.225,0.7,1.76,2.0,19.97,51.21,0.0,0.0,11.35
2283,Construction,0.065,0.03,0.11,0.06,21.0,0.31,4.77,0.0,0.0,5.17
5131,Consumer Products & Services,1.25,0.95,1.636,1.3083,12.0,10.78,8.62,12.0,9.6,8.24
